continent	country	(Intercept)	I(year - 1950)	sd
Africa	Algeria	42.2364149184149	0.56927972027972	1.32300638495764
Africa	Angola	31.7079741258741	0.20933986013986	1.40700913536231
Africa	Benin	38.9200470862471	0.334232867132867	1.17469098297291
Africa	Botswana	52.8077783216784	0.0606685314685308	6.11217733062277
Africa	Burkina Faso	33.9567426573427	0.363974825174825	2.0470914912203
Africa	Burundi	40.2703724941725	0.154134265734266	1.61077783133225
Africa	Cameroon	40.7491678321679	0.250146853146853	3.24321358997673
Africa	Central African Republic	38.4417016317017	0.183905594405594	3.5245290331444
Africa	Chad	39.3028836829837	0.253244055944055	1.83143948788529
Africa	Comoros	39.0952181818182	0.450390909090909	0.478646837923903
Africa	Congo, Dem. Rep.	41.7732461538462	0.0939153846153843	2.42948880742114
Africa	Congo, Rep.	46.7465904428905	0.195095804195804	3.54650030457815
Africa	Cote d'Ivoire	44.5847456876457	0.130556643356643	3.92559042624656
Africa	Djibouti	35.5423468531469	0.367403496503496	1.12663171472729
Africa	Egypt	39.8570909090909	0.555454545454545	1.03918556397
Africa	Equatorial Guinea	33.8099664335664	0.310170629370629	0.328689810624535
Africa	Eritrea	34.9458888111888	0.37469020979021	1.49672446219545
Africa	Ethiopia	35.4137832167832	0.307185314685314	1.04743045015031
Africa	Gabon	38.0418804195804	0.446732867132867	4.05410718763221
Africa	Gambia	27.2367200466201	0.581825874125873	1.14756100157291
Africa	Ghana	42.8492582750583	0.321742657342657	0.773291401182106
Africa	Guinea	30.7073256410257	0.424830769230769	1.19589356892875
Africa	Guinea-Bissau	31.1935321678322	0.271753146853147	0.643486627840695
Africa	Kenya	46.5890230769231	0.206507692307692	4.38217412409025
Africa	Lesotho	47.1878941724942	0.0955657342657339	5.93393350754046
Africa	Liberia	39.6444356643357	0.0959937062937062	1.7728313543141
Africa	Libya	40.8508645687646	0.625535664335664	1.53988573827618
Africa	Madagascar	35.8606081585082	0.403727972027972	0.559654390625489
Africa	Malawi	36.4419200466201	0.234225874125874	1.93315556857978
Africa	Mali	32.2976111888112	0.37680979020979	0.481602601461276
Africa	Mauritania	39.1327675990676	0.446417482517482	0.407532308413623
Africa	Mauritius	54.6738615384616	0.348453846153846	1.74021417890486
Africa	Morocco	41.6058878787879	0.542472727272727	0.75695487035726
Africa	Mozambique	33.7571832167832	0.224485314685315	2.29172661936412
Africa	Namibia	46.6720060606061	0.231163636363636	4.96080237400558
Africa	Niger	34.4664484848485	0.34210909090909	2.18376761861725
Africa	Nigeria	37.4433941724942	0.208065734265734	1.52001832946561
Africa	Reunion	53.0777776223777	0.459880419580419	1.62951597504813
Africa	Rwanda	42.8336116550117	-0.0458314685314688	6.55826947735801
Africa	Sao Tome and Principe	47.8461990675991	0.340682517482517	1.39404990312431
Africa	Senegal	35.7372666666667	0.504699999999999	0.932361258668909
Africa	Sierra Leone	30.4551351981352	0.214034965034965	0.824449955790968
Africa	Somalia	34.2162505827506	0.229573426573426	1.86312930689716
Africa	South Africa	49.0029631701632	0.16915944055944	4.74435620274814
Africa	Sudan	37.1086426573426	0.382774825174825	0.64407815785553
Africa	Swaziland	46.1977093240093	0.0950748251748249	6.64409130657407
Africa	Tanzania	42.759034032634	0.174688111888112	1.83462431880267
Africa	Togo	40.2122769230769	0.382592307692307	2.33278151652617
Africa	Tunisia	43.379620979021	0.587843356643356	1.55905632610629
Africa	Uganda	44.0320459207459	0.121586013986014	3.18766831661272
Africa	Zambia	47.778875990676	-0.0604251748251749	4.52871277959789
Africa	Zimbabwe	55.4072855477856	-0.0930209790209793	7.20543069561591
Americas	Argentina	62.2250191142191	0.231708391608391	0.292307186863136
Americas	Bolivia	37.7565843822844	0.499932167832167	1.18444486859314
Americas	Brazil	50.7318594405595	0.39008951048951	0.326235858949215
Americas	Canada	68.4461076923077	0.21886923076923	0.249248292949942
Americas	Chile	53.364017016317	0.476844055944055	1.19284298957807
Americas	Colombia	52.6656146853147	0.380750349650349	1.31159915511802
Americas	Costa Rica	58.2991261072261	0.40278951048951	1.51884879179298
Americas	Cuba	61.571148018648	0.321150349650349	1.74064201097553
Americas	Dominican Republic	47.6555027972028	0.471152447552447	1.5502206590058
Americas	Ecuador	48.0652655011655	0.500053146853146	0.698854603530982
Americas	El Salvador	45.5576662004662	0.477141258741258	1.94298570069371
Americas	Guatemala	41.0568505827506	0.531273426573426	0.581178943372101
Americas	Haiti	38.4520377622378	0.397058041958041	0.840765734690323
Americas	Honduras	41.9067067599068	0.542851748251748	1.56428450395828
Americas	Jamaica	62.2181983682984	0.221394405594405	2.05594361680418
Americas	Mexico	52.1033018648019	0.451034965034965	1.04508297737726
Americas	Nicaragua	41.9320890442891	0.55651958041958	0.598421406371565
Americas	Panama	57.3525818181818	0.354209090909091	1.51703065079599
Americas	Paraguay	62.1671242424243	0.157354545454545	0.391417619723876
Americas	Peru	43.2922452214453	0.527697902097902	1.07740727679612
Americas	Puerto Rico	66.527375990676	0.210574825174824	1.26871838486451
Americas	Trinidad and Tobago	61.7049846153846	0.173661538461538	1.65198415432891
Americas	United States	68.0455076923077	0.184169230769231	0.416133946630722
Americas	Uruguay	65.3750585081585	0.183272027972027	0.533679901201453
Americas	Venezuela	56.8538771561772	0.329721678321678	1.48180233960527
Asia	Afghanistan	29.3566375291376	0.275328671328671	1.22278798153463
Asia	Bahrain	51.8141897435898	0.467507692307692	1.63958653950098
Asia	Bangladesh	35.1392256410256	0.498130769230769	0.976690830409054
Asia	Cambodia	36.2236174825175	0.395902797202797	5.63014318176748
Asia	China	46.1290518321679	0.530714853146853	3.85699041346615
Asia	Hong Kong, China	62.6966997668998	0.365970629370629	1.16790969611312
Asia	India	38.2591144522145	0.505320979020979	1.72489334723165
Asia	Indonesia	35.6138328671329	0.634641258741258	0.645547842095045
Asia	Iran	43.9857074592075	0.49663986013986	0.664632923996151
Asia	Iraq	49.6430405594406	0.235210489510489	4.05709657090687
Asia	Israel	65.7661976689977	0.267106293706294	0.36574010923855
Asia	Japan	64.4162428904429	0.352904195804195	1.36919363509072
Asia	Jordan	42.9204002331003	0.57172937062937	1.90924097700501
Asia	Korea, Dem. Rep.	54.2727494172495	0.316426573426573	3.88817625812141
Asia	Korea, Rep.	48.6167	0.5554	1.17424269212118
Asia	Kuwait	56.6256606060606	0.416836363636363	1.76285478526718
Asia	Lebanon	58.1653002331003	0.26102937062937	1.22773110177881
Asia	Malaysia	50.5761731934732	0.464522377622377	2.08801607696053
Asia	Mongolia	42.949034032634	0.438688111888112	0.940252195499794
Asia	Myanmar	40.5453610722611	0.433095104895104	3.03282800915254
Asia	Nepal	33.373117948718	0.529261538461538	0.924260089379891
Asia	Oman	35.6633855477855	0.772179020979021	2.34771953378678
Asia	Pakistan	42.9113769230769	0.405792307692307	0.402933746224055
Asia	Philippines	48.5634076923077	0.42046923076923	0.739470291180403
Asia	Saudi Arabia	39.5148692307692	0.649623076923077	2.0814742935274
Asia	Singapore	61.1641125874126	0.340886013986014	0.71189941710183
Asia	Sri Lanka	59.3016983682984	0.244894405594405	1.08759675683492
Asia	Syria	44.9925631701632	0.55435944055944	1.32954434997663
Asia	Taiwan	60.6829463869464	0.327244755244754	1.3104284606886
Asia	Thailand	51.9623265734266	0.347048251748251	1.20487235533783
Asia	Vietnam	37.6668461538462	0.671615384615384	1.31364912186802
Asia	West Bank and Gaza	42.5961960372961	0.601100699300699	1.98218221702543
Asia	Yemen, Rep.	28.9193631701632	0.60545944055944	1.58579804154085
Europe	Albania	58.5597617715618	0.334683216783216	1.9830615260166
Europe	Austria	65.964476923077	0.241992307692307	0.407409381146483
Europe	Belgium	67.4737538461539	0.209084615384615	0.292902484428892
Europe	Bosnia and Herzegovina	57.3900536130536	0.349755244755244	2.25666509490946
Europe	Bulgaria	65.4459300699301	0.14568881118881	2.50911657864767
Europe	Croatia	63.4048631701632	0.22545944055944	1.14755541415425
Europe	Czech Republic	67.2384461538462	0.144815384615384	0.825492347259867
Europe	Denmark	70.7909296037296	0.121330069930069	0.39878806202658
Europe	Finland	65.9731240093241	0.237925174825174	0.354216727574011
Europe	France	67.3131254079254	0.238501398601399	0.220046849482939
Europe	Germany	67.1407617715618	0.213683216783216	0.416079578887699
Europe	Greece	66.5824079254079	0.242398601398601	0.778441883487362
Europe	Hungary	65.7455226107226	0.123648951048951	1.18712607166354
Europe	Iceland	71.6328386946387	0.165375524475524	0.546807166655522
Europe	Ireland	67.1432223776224	0.19911958041958	0.477854070754934
Europe	Italy	66.0573738927739	0.269710489510489	0.416739729724676
Europe	Montenegro	61.6556254079254	0.293001398601398	2.75383174249396
Europe	Netherlands	71.616241958042	0.136686713286713	0.347760135564895
Europe	Norway	71.9507328671329	0.131941258741258	0.489679044307154
Europe	Poland	64.3884596736597	0.196218881118881	1.62122372429565
Europe	Portugal	60.4723920745921	0.337201398601398	1.13970538560075
Europe	Romania	63.6473254079254	0.157401398601398	1.4621140058037
Europe	Serbia	61.0240440559441	0.255151048951048	1.79155729558298
Europe	Slovak Republic	66.7417836829837	0.134044055944055	1.29982952643241
Europe	Slovenia	65.6852986013986	0.200523776223776	0.710834543267348
Europe	Spain	65.915958974359	0.280930769230768	1.01317539360423
Europe	Sweden	71.2724909090909	0.166254545454545	0.211767883220383
Europe	Switzerland	69.009255011655	0.222231468531468	0.214911464667868
Europe	Turkey	45.0278407925408	0.49723986013986	1.14706605026025
Europe	United Kingdom	68.4365941724942	0.185965734265734	0.442118165100038
Oceania	Australia	67.9450652680653	0.227723776223776	0.620608584027624
Oceania	New Zealand	68.3012811188811	0.192820979020979	0.804347153073439
